Source,Model,Macro_F1,Micro_F1,Num_Categories
reddit,llama_zero_shot,0.65,0.81,16
reddit,llama_few_shot,0.6,0.69,16
reddit,qwen_zero_shot,0.66,0.74,16
reddit,qwen_few_shot,0.71,0.8,16
reddit,gpt4_zero_shot,0.75,0.81,16
reddit,gpt4_few_shot,0.77,0.83,16
reddit,gemini_zero_shot,0.61,0.69,16
reddit,gemini_few_shot,0.63,0.72,16
reddit,grok_zero_shot,0.6,0.77,16
reddit,grok_few_shot,0.62,0.77,16
reddit,phi4_zero_shot,0.61,0.81,16
reddit,phi4_few_shot,0.63,0.79,16
reddit,bert_finetuned,0.37,0.6,18
x,llama_zero_shot,0.65,0.83,16
x,llama_few_shot,0.6,0.7,16
x,qwen_zero_shot,0.6,0.71,16
x,qwen_few_shot,0.71,0.8,16
x,gpt4_zero_shot,0.65,0.77,16
x,gpt4_few_shot,0.66,0.79,16
x,gemini_zero_shot,0.68,0.8,16
x,gemini_few_shot,0.68,0.8,16
x,grok_zero_shot,0.64,0.84,16
x,grok_few_shot,0.65,0.82,16
x,phi4_zero_shot,0.56,0.82,16
x,phi4_few_shot,0.67,0.82,16
x,bert_finetuned,0.16,0.59,16
news,llama_zero_shot,0.64,0.85,16
news,llama_few_shot,0.56,0.74,16
news,qwen_zero_shot,0.55,0.63,16
news,qwen_few_shot,0.73,0.85,16
news,gpt4_zero_shot,0.68,0.81,16
news,gpt4_few_shot,0.71,0.83,16
news,gemini_zero_shot,0.7,0.82,16
news,gemini_few_shot,0.72,0.84,16
news,grok_zero_shot,0.67,0.86,16
news,grok_few_shot,0.69,0.86,16
news,phi4_zero_shot,0.6,0.87,16
news,phi4_few_shot,0.71,0.87,16
news,bert_finetuned,0.18,0.66,16
meeting_minutes,llama_zero_shot,0.66,0.85,16
meeting_minutes,llama_few_shot,0.61,0.75,16
meeting_minutes,qwen_zero_shot,0.64,0.74,16
meeting_minutes,qwen_few_shot,0.75,0.84,16
meeting_minutes,gpt4_zero_shot,0.67,0.78,16
meeting_minutes,gpt4_few_shot,0.7,0.81,16
meeting_minutes,gemini_zero_shot,0.71,0.81,16
meeting_minutes,gemini_few_shot,0.73,0.82,16
meeting_minutes,grok_zero_shot,0.67,0.84,16
meeting_minutes,grok_few_shot,0.71,0.84,16
meeting_minutes,phi4_zero_shot,0.6,0.85,16
meeting_minutes,phi4_few_shot,0.64,0.81,16
meeting_minutes,bert_finetuned,0.21,0.76,16
